Keyword,Subindustry,industry,sector
African restaurant,African Restaurants,Food and Beverage Services,Accommodation Services
African Restaurant in London,African Restaurants,Food and Beverage Services,Accommodation Services
Restaurants - African,African Restaurants,Food and Beverage Services,Accommodation Services
African Foods,African Restaurants,Food and Beverage Services,Accommodation Services
American Restaurant,American Restaurants,Food and Beverage Services,Accommodation Services
American Restaurant in London,American Restaurants,Food and Beverage Services,Accommodation Services
American Restaurant in Putney,American Restaurants,Food and Beverage Services,Accommodation Services
Restaurants - American,American Restaurants,Food and Beverage Services,Accommodation Services
Amerikaans restaurant,American Restaurants,Food and Beverage Services,Accommodation Services
Argentinian restaurant,Argentinian Restaurants,Food and Beverage Services,Accommodation Services
Restaurants - Argentinian,Argentinian Restaurants,Food and Beverage Services,Accommodation Services
Bagel shop,Bagels,Food and Beverage Services,Accommodation Services
Bar,Bars,Food and Beverage Services,Accommodation Services
Bar Twitter Ã¢â‚¬Â¢ 2 days ago Twitter Ã¢â‚¬Â¢ 3 days ago Twitter Ã¢â‚¬Â¢ 4 days ago,Bars,Food and Beverage Services,Accommodation Services
Bars in London,Bars,Food and Beverage Services,Accommodation Services
Beer garden,Bars,Food and Beverage Services,Accommodation Services
Beer hall,Bars,Food and Beverage Services,Accommodation Services
Cocktail bar,Bars,Food and Beverage Services,Accommodation Services
Cocktail Bars,Bars,Food and Beverage Services,Accommodation Services
Gay bar,Bars,Food and Beverage Services,Accommodation Services
Gay bar Postal code,Bars,Food and Beverage Services,Accommodation Services
Hookah bar,Bars,Food and Beverage Services,Accommodation Services
Karaoke bar,Bars,Food and Beverage Services,Accommodation Services
Karaoke Bars,Bars,Food and Beverage Services,Accommodation Services
Shisha bar,Bars,Food and Beverage Services,Accommodation Services
Bars & Clubs,Bars,Food and Beverage Services,Accommodation Services
cocktails for retail,Bars,Food and Beverage Services,Accommodation Services
Bar and grill,Bars,Food and Beverage Services,Accommodation Services
Bar-koktej,Bars,Food and Beverage Services,Accommodation Services
Italian Tapas & Bar,Bars,Food and Beverage Services,Accommodation Services
Bar / Restaurant,Bars,Food and Beverage Services,Accommodation Services
Bar & pub,Bars,Food and Beverage Services,Accommodation Services
Belushis Bar,Bars,Food and Beverage Services,Accommodation Services
Luis Bar,Bars,Food and Beverage Services,Accommodation Services
Good food and cocktails,Bars,Food and Beverage Services,Accommodation Services
BARS - MOBILE,Bars,Food and Beverage Services,Accommodation Services
Blues club,Bars,Food and Beverage Services,Accommodation Services
Bars and Wine Bars,Bars,Food and Beverage Services,Accommodation Services
Chapel Bar,Bars,Food and Beverage Services,Accommodation Services
Drinking Establishments,Bars,Food and Beverage Services,Accommodation Services
Bar and Dining,Bars,Food and Beverage Services,Accommodation Services
Bar and Kitchen,Bars,Food and Beverage Services,Accommodation Services
cocktail or beer,Bars,Food and Beverage Services,Accommodation Services
Bar and Bistro,Bars,Food and Beverage Services,Accommodation Services
Professional Bar Hire,Bars,Food and Beverage Services,Accommodation Services
Bar and Lounge,Bars,Food and Beverage Services,Accommodation Services
Bars or Bistros,Bars,Food and Beverage Services,Accommodation Services
Restaurant and Bar,Bars,Food and Beverage Services,Accommodation Services
Bar Restaurants,Bars,Food and Beverage Services,Accommodation Services
Beer bar,Bars,Food and Beverage Services,Accommodation Services
Mercat Bar & Gril,Bars,Food and Beverage Services,Accommodation Services
Mojito bar,Bars,Food and Beverage Services,Accommodation Services
Bar Services,Bars,Food and Beverage Services,Accommodation Services
Saloon,Bars,Food and Beverage Services,Accommodation Services
Bar & Function,Bars,Food and Beverage Services,Accommodation Services
Brazilian restaurant,Brazilian Restaurants,Food and Beverage Services,Accommodation Services
Restaurants - Brazilian,Brazilian Restaurants,Food and Beverage Services,Accommodation Services
Art cafe,"Cafes, Snack Bars & Tea Rooms",Food and Beverage Services,Accommodation Services
Cafe,"Cafes, Snack Bars & Tea Rooms",Food and Beverage Services,Accommodation Services
Cafe in London,"Cafes, Snack Bars & Tea Rooms",Food and Beverage Services,Accommodation Services
Cafes & Coffee Shops,"Cafes, Snack Bars & Tea Rooms",Food and Beverage Services,Accommodation Services
Cafes and Coffee Shops,"Cafes, Snack Bars & Tea Rooms",Food and Beverage Services,Accommodation Services
Cafes and Snack Bars,"Cafes, Snack Bars & Tea Rooms",Food and Beverage Services,Accommodation Services
Cafes and Tea Rooms,"Cafes, Snack Bars & Tea Rooms",Food and Beverage Services,Accommodation Services
Cafes Coffee Shops and Tea Rooms,"Cafes, Snack Bars & Tea Rooms",Food and Beverage Services,Accommodation Services
Cafes Snack Bars & Tea Rooms,"Cafes, Snack Bars & Tea Rooms",Food and Beverage Services,Accommodation Services
Cafes Snack Bars and Tea Rooms,"Cafes, Snack Bars & Tea Rooms",Food and Beverage Services,Accommodation Services
Cafeteria,"Cafes, Snack Bars & Tea Rooms",Food and Beverage Services,Accommodation Services
Cat cafe,"Cafes, Snack Bars & Tea Rooms",Food and Beverage Services,Accommodation Services
Childrens cafe,"Cafes, Snack Bars & Tea Rooms",Food and Beverage Services,Accommodation Services
Chinese tea house,"Cafes, Snack Bars & Tea Rooms",Food and Beverage Services,Accommodation Services
Chocolate cafe,"Cafes, Snack Bars & Tea Rooms",Food and Beverage Services,Accommodation Services
Coffee shop,"Cafes, Snack Bars & Tea Rooms",Food and Beverage Services,Accommodation Services
Coffee stand,"Cafes, Snack Bars & Tea Rooms",Food and Beverage Services,Accommodation Services
